user_id,rating_count,avg_rating_given,first_rating_date,last_rating_date
A5JLAU2ARJ0BO,520,3.8615384615384616,2000-04-28,2014-06-27
ADLVFFE4VBT8,501,4.283433133732535,2002-08-14,2014-07-15
A3OXHLG6DIBRW8,498,4.451807228915663,2003-06-03,2014-07-12
A6FIAB28IS79,431,4.183294663573085,2001-03-26,2014-07-11
A680RUE1FDO8B,406,4.406403940886699,2005-03-27,2014-07-19
A1ODOGXEYECQQ8,380,4.3052631578947365,2003-10-13,2014-07-18
A36K2N527TXXJN,314,4.525477707006369,2008-07-13,2014-06-27
A2AY4YUOX2N1BQ,311,4.559485530546624,2009-12-10,2014-06-09
AWPODHOB4GFWL,308,4.392857142857143,2001-12-20,2014-07-21
A25C2M3QF9G7OQ,296,4.625,2007-04-25,2014-07-17
ARBKYIVNYWK3C,296,4.4358108108108105,2006-05-22,2014-07-14
A22CW0ZHY3NJH8,292,4.260273972602739,2007-05-07,2014-07-18
A3EXWV8FNSSFL6,282,4.5212765957446805,2007-06-04,2014-07-06
A38RMU1Y5TDP9,282,4.326241134751773,2006-06-24,2014-07-22
A3LGT6UZL99IW1,279,4.186379928315413,2002-02-16,2014-07-23
A2NOW4U7W3F7RI,277,4.79783393501805,2006-03-29,2014-07-17
A23GFTVIETX7DS,270,4.396296296296296,2001-12-04,2014-07-01
A3PD8JD9L4WEII,266,4.345864661654136,2005-01-09,2014-07-09
A17BUUBOU0598B,261,3.4406130268199235,2004-06-01,2013-09-18
A3AYSYSLHU26U9,257,4.330739299610895,2008-05-27,2014-07-21
A2XRMQA6PJ5ZJ8,253,4.592885375494071,2002-11-16,2014-07-10
A12DQZKRKTNF5E,252,4.23015873015873,2001-08-19,2014-07-22
A231WM2Z2JL0U3,252,4.309523809523809,2000-07-29,2010-04-05
A1UQBFCERIP7VJ,247,4.558704453441296,2009-06-18,2014-07-22
AGVWTYW0ULXHT,244,3.971311475409836,2004-12-31,2014-07-10
A203OCQQ12MAVT,240,4.458333333333333,2006-10-29,2013-02-07
AEJAGHLC675A7,239,4.7698744769874475,2001-03-05,2014-05-22
A2NYK9KWFMJV4Y,238,4.819327731092437,2002-10-04,2014-07-21
A3A4ZAIBQWKOZS,236,4.669491525423729,2006-08-28,2014-07-22
A31N0XY2UTB25C,227,4.71806167400881,2007-01-18,2014-07-12
A2UOHALGF2X77Q,227,4.348017621145375,2005-08-25,2014-07-12
A1T1YSCDW0PD25,227,4.348017621145375,2004-12-03,2014-07-19
A3CW0ZLUO5X2B1,227,4.202643171806168,2002-05-04,2014-07-23
A250AXLRBVYKB4,226,4.115044247787611,2008-08-13,2014-06-28
A4WEZJOIZIV4U,225,4.5377777777777775,2005-01-05,2014-07-15
A1CMD08Z49PGKQ,221,4.8099547511312215,2006-06-01,2014-07-20
A1VQHH85U7PX0,220,4.504545454545455,2006-05-29,2014-07-18
A1J75JJ0Q2OEJN,218,3.8990825688073394,2004-11-18,2014-07-14
AOEAD7DPLZE53,218,3.573394495412844,2006-11-29,2014-07-15
A11KZ906QD08C5,216,4.458333333333333,2005-04-29,2014-07-07
A1F9Z42CFF9IAY,213,3.511737089201878,2001-07-24,2014-06-08
A20DZX38KRBIT8,213,2.568075117370892,2005-11-15,2014-07-10
AVPNQUVZWMDSX,212,4.221698113207547,2003-03-23,2014-07-21
A3OA4DV4L81N1D,209,4.578947368421052,2006-01-22,2014-07-11
A1EVV74UQYVKRY,208,4.605769230769231,2009-05-23,2014-07-17
A1EXGL6L0QQ0M5,207,4.328502415458937,2004-12-27,2014-07-18
AT6CZDCP4TRGA,207,3.6473429951690823,2002-10-05,2014-05-08
A11I1I9QLMAM1A,205,4.46829268292683,2005-11-09,2014-07-20
A3CG93783LP0FO,204,4.186274509803922,2008-10-11,2014-07-16
A1X1CEGHTHMBL1,202,4.638613861386139,2009-05-13,2014-07-11
A2BMZRO0H7TFCS,202,3.9356435643564356,2001-05-15,2014-07-14
A1EH2S92FHWZRP,200,3.975,2003-05-09,2014-06-26
A3NHUQ33CFH3VM,199,4.442211055276382,2009-08-17,2014-07-20
AT28RL25Q2OLK,198,4.328282828282828,2000-06-24,2014-07-21
A1E1LEVQ9VQNK,197,4.893401015228426,2006-03-19,2014-07-21
ABDR6IJ93HFIO,197,4.842639593908629,2006-08-12,2014-07-18
A38KK0SZYEH5UD,196,4.38265306122449,2005-09-05,2014-07-12
A2WLNSZ9U0T1S3,196,4.3520408163265305,2007-12-31,2014-07-06
A19W47CXJJP1MI,196,4.5,2008-10-24,2014-06-29
ABQWMANK4AR63,193,3.9585492227979273,2002-09-17,2014-05-24
AN81JUYW2SL24,193,4.181347150259067,2003-09-02,2014-07-05
AKT8TGIT6VVZ5,192,4.833333333333333,2001-02-28,2014-07-22
AZMY6E8B52L2T,189,4.714285714285714,2011-12-27,2014-07-22
A3U41ZL33SS92P,182,3.565934065934066,2003-08-22,2014-07-18
A3T7V207KRDE2O,182,4.291208791208791,2006-01-16,2014-06-27
A1F1A0QQP2XVH5,181,4.0,2005-06-23,2014-06-19
AQIJ3ZEEVCIKU,181,4.193370165745856,2007-01-17,2014-07-06
A3V7D0LH8L7BG0,180,4.377777777777778,2007-05-20,2014-07-09
A3NEAETOSXDBOM,177,4.491525423728813,2004-04-11,2014-06-27
A18HE80910BTZI,177,3.8079096045197742,2001-01-10,2014-07-05
A2B7BUH8834Y6M,176,4.4772727272727275,2000-06-22,2014-06-24
A3J8A5L5AF5TX9,174,3.8735632183908044,2005-12-02,2014-06-27
A3R4794K2RVU1S,173,4.566473988439307,2008-01-08,2014-07-07
A34BZM6S9L7QI4,171,4.567251461988304,2010-03-24,2014-07-22
A2BLFCOPSMBOZ9,170,4.182352941176471,2008-04-12,2014-07-22
A6VXZ1EEPRTLV,170,4.094117647058823,2002-11-11,2014-07-20
A3QNQQKJTL76H0,169,4.1420118343195265,2006-08-07,2014-07-04
AYB4ELCS5AM8P,168,4.785714285714286,2008-10-11,2014-07-20
A1RPTVW5VEOSI,167,3.9760479041916166,2000-02-10,2014-07-15
A25HBO5V8S8SEA,167,4.9640718562874255,2004-11-05,2011-02-24
A3TAS1AG6FMBQW,163,4.717791411042945,2008-11-30,2014-07-21
AIJQU979J6UFY,163,4.288343558282208,2002-10-21,2014-07-12
ALDAF4VVLFRHP,163,4.533742331288344,2008-12-16,2014-07-03
A1ZU55TM45Y2R8,162,3.925925925925926,2006-08-25,2014-07-22
AEWYUPCNDV7HY,160,4.1125,2007-07-17,2014-07-07
A1F7YU6O5RU432,160,4.68125,2007-12-06,2014-06-22
A2NB2E5DXE319Z,159,4.415094339622642,2002-03-24,2014-07-18
A3FEGTOLCWXSV4,157,4.012738853503185,2008-05-21,2014-07-13
A6VPK7X53QNAQ,157,3.9554140127388533,2004-04-14,2014-06-19
A2KYRPDKVBI2R4,157,4.726114649681529,2011-03-20,2014-07-18
A1BT6TL7UCIC5Y,157,4.356687898089172,2005-07-06,2014-07-20
A15QYHQH80W30L,157,4.292993630573249,2006-12-26,2014-07-01
A1YEPFLLH42OU1,156,4.403846153846154,2006-03-23,2014-07-07
A2BYV7S1QP2YIG,156,4.705128205128205,2007-12-11,2014-07-21
A1EKSETIBS9ETQ,155,4.129032258064516,2003-10-12,2014-06-22
A3W4D8XOGLWUN5,153,3.764705882352941,2001-10-28,2014-06-20
A17HMM1M7T9PJ1,151,4.271523178807947,2006-08-09,2014-06-17
A32O5FZH994CNY,151,4.3841059602649,2002-08-02,2014-06-15
A225G2TFM76GYX,150,4.466666666666667,2005-10-17,2014-07-14
A18S2VGUH9SCV5,149,3.9932885906040267,2004-12-07,2013-12-15
A2WB7LZ595CR50,149,3.825503355704698,2003-09-22,2014-05-22
A3REK3OFONWB1Q,147,4.639455782312925,2002-08-07,2013-06-29
ANW6EGY12V5XS,146,4.082191780821918,2007-12-03,2014-07-22
A3DWO5RJDA430F,146,4.102739726027397,2006-06-25,2014-06-03
A376OJHLE6SU9Q,145,4.413793103448276,2003-09-04,2014-06-19
AEL6CQNQXONBX,145,4.468965517241379,2008-11-24,2014-07-22
A28UMA3GW9L124,145,3.5517241379310347,2006-07-09,2014-06-25
A1IU7S4HCK1XK0,145,4.406896551724138,2001-02-15,2014-07-05
A18FLOC8YQY0P8,144,4.277777777777778,2011-02-04,2014-07-22
ATS2855497V0I,144,3.8541666666666665,2001-07-23,2014-06-29
AZ515FFZ7I2P7,144,4.270833333333333,2002-04-29,2014-07-14
A30X750M8V1XXW,144,3.9722222222222223,2006-04-27,2014-05-20
A3L1VJMHFWONCB,144,4.298611111111111,2009-10-05,2014-07-15
A2KOV8XWZOZ0FQ,144,4.097222222222222,2007-10-23,2014-07-21
A3Q4TYJVAM4IRM,143,4.461538461538462,2003-06-22,2014-07-21
A1RL1OTV8IJMVD,142,4.084507042253521,2007-03-23,2014-07-21
A1NGFGBX2VCQS8,142,3.964788732394366,2004-03-04,2014-07-21
AONUCJBC85BL,141,3.9361702127659575,2001-06-22,2014-06-06
ABVYGB2TKBO8F,139,4.374100719424461,2003-12-12,2014-07-14
ACJT8MUC0LRF0,138,4.811594202898551,2010-03-21,2014-07-10
A33YZNZIRA3H97,138,3.9565217391304346,2007-03-12,2014-07-04
ABIVKBMSIPEDY,138,3.8840579710144927,2005-08-07,2014-07-04
ARXU3FESTWMJJ,137,3.613138686131387,1999-12-01,2014-07-07
A3S3R88HA0HZG3,137,4.744525547445256,2007-12-23,2014-07-16
A213J54E63SYOP,137,3.802919708029197,2010-03-06,2014-07-20
A2QRXQPHDMFCQV,137,3.321167883211679,2006-11-12,2014-07-17
A2ARDVMUGDFED6,137,4.299270072992701,2007-03-23,2014-03-22
AOMEH9W6LHC4S,136,4.0588235294117645,2007-11-03,2014-06-30
A5KMMY627T3W,136,4.529411764705882,2006-01-31,2014-07-17
A36A1ZYZH8568P,136,4.139705882352941,2004-06-04,2014-07-01
A3R1WFO4KIUQXZ,134,4.246268656716418,2005-05-21,2014-07-07
AOEDWQLH2WKKW,132,4.075757575757576,2004-03-07,2014-07-21
A2W9GX82SLKROQ,132,3.9696969696969697,2005-01-14,2014-07-02
A100WO06OQR8BQ,132,3.6515151515151514,2008-04-04,2014-06-27
A2SKEQT0WTB954,131,4.534351145038168,2002-08-28,2014-07-11
A1MRPX3RM48T2I,131,4.4961832061068705,2003-10-07,2014-07-10
A2R6RA8FRBS608,131,4.404580152671755,2005-11-03,2013-03-11
AGOH8N902URMW,131,4.511450381679389,2005-07-20,2014-07-01
A1N5FSCYN4796F,131,3.801526717557252,2005-08-19,2014-07-11
A2PSD2R9A1CXG7,131,4.068702290076335,2005-09-28,2014-07-16
A23NSKTMSPPBTR,130,3.7153846153846155,2005-09-17,2014-06-24
A2HMF8ZR67BNZS,130,4.615384615384615,2008-05-30,2014-07-16
A149RNR5RH19YY,130,3.9923076923076923,2002-05-14,2014-04-09
A10ZFE6YE0UHW8,130,3.8076923076923075,2003-06-22,2014-07-17
AI8EMB0HUC6Z5,129,4.4186046511627906,2004-02-11,2014-07-08
A1V4VVBQBFXRHC,129,4.558139534883721,2001-02-19,2014-07-22
A1TQZUSOU22E9M,128,4.65625,2006-09-30,2014-07-03
A2UWPPU5GZLMQZ,128,4.3359375,2007-07-02,2014-07-13
A1U5IJHJK84S54,127,3.9291338582677167,2006-01-07,2014-07-08
A1P0JSFW184ZXJ,126,4.555555555555555,2007-07-05,2014-07-21
A24HWYHR28JJ7A,126,4.515873015873016,2007-04-27,2014-02-22
A1VTCSCH8FFC76,126,4.103174603174603,2010-01-04,2012-11-23
A1URXSRV6WDHVY,126,4.523809523809524,2007-03-09,2014-07-11
A20DDH4NT6Q1E8,125,4.504,2005-04-02,2014-07-17
A2HRHF83I3NDGT,125,4.752,2012-07-21,2014-07-23
A3IY316DRNF5F2,124,3.9596774193548385,2005-02-12,2014-07-19
A1FR68QH6Z4YZM,123,4.585365853658536,2004-01-11,2014-07-21
A10Y058K7B96C6,123,4.4227642276422765,2007-04-19,2014-07-20
AC6Z7DP1Z5GHD,123,4.252032520325203,2007-02-19,2014-05-28
A2AF0NOCM71J0B,123,4.455284552845528,2007-12-31,2014-07-06
A1MZL91Z44RN06,123,4.544715447154472,2008-09-22,2014-07-02
A2D1LPEUCTNT8X,122,4.5,2010-04-30,2014-06-18
A3T4OHEAHOJ700,121,3.9834710743801653,2005-10-08,2014-06-27
A30XZK10EZN9V4,121,4.479338842975206,2011-07-22,2014-07-14
A1W415JP5WEAJK,121,4.404958677685951,2008-11-07,2014-06-21
A3QJU4FEN8PQSZ,120,3.7083333333333335,2007-03-21,2014-07-01
A2V5M5EJPOD2IU,120,4.691666666666666,2009-09-25,2014-07-15
A17V9XL4CWTQ6G,119,4.7899159663865545,2009-08-19,2014-07-19
A1ZCSSCAGBCD49,119,3.857142857142857,2004-03-23,2014-07-06
A259MPG6SOL02P,119,3.504201680672269,2001-02-08,2014-07-05
A3EZEP0FX5BC1P,119,4.050420168067227,2005-09-15,2014-06-24
A3N4VTNFPMTHEF,118,4.305084745762712,2002-07-27,2014-07-17
A3R19YKNL641X3,118,4.262711864406779,2003-12-28,2014-07-21
ASJSX783R5HTZ,118,3.9745762711864407,2007-03-10,2014-07-22
AGGAQLXPVGM5D,118,4.47457627118644,2005-03-09,2014-06-26
AR74YY08IP2WE,117,3.606837606837607,2006-02-03,2014-07-20
ARX7Z3NI6O0F7,117,4.3760683760683765,2007-11-27,2014-06-20
A3FPSY1M6G7XIB,117,4.487179487179487,2006-06-30,2014-07-19
A2J8T58Z4X15IO,117,4.3076923076923075,2005-01-11,2014-07-07
A353U0L2HAMSHV,116,4.120689655172414,2008-02-22,2014-04-16
A100UD67AHFODS,116,4.508620689655173,2003-12-08,2014-05-05
A2ZY49IDE6TY5I,116,4.043103448275862,2010-05-14,2014-07-06
A33HIV8RXRDM88,116,4.163793103448276,2004-03-05,2014-07-01
AG35JCCQWDRCS,116,4.629310344827586,2006-11-09,2014-07-11
A3V0YR50F1XSKP,115,4.678260869565217,2012-01-05,2014-06-09
A3L9E0YI7C5G0W,115,4.339130434782609,2005-09-11,2014-03-30
A23ONMGKEWDG4M,115,4.278260869565218,2005-10-11,2014-06-21
AY6A8KPYCE6B0,115,4.052173913043478,2006-09-28,2014-07-21
A1SB9BNNGKNX2Z,114,4.657894736842105,2008-01-18,2014-07-20
A22MANL4US4RMY,114,4.5701754385964914,2007-12-25,2014-06-26
A3D0UM4ZD2CMAW,114,4.964912280701754,2012-08-01,2013-09-19
A1L64KDYO5BOJA,114,4.508771929824562,2006-10-25,2014-07-13
ALUNVOQRXOZIA,114,3.473684210526316,2000-06-21,2014-07-09
A3LWC833HQIG7J,114,4.333333333333333,2000-05-10,2014-05-25
A20OBCQWBKCGZT,114,4.245614035087719,2008-05-29,2014-07-21
A7QMQBGJ2TCQG,112,4.401785714285714,2007-07-29,2010-11-18
A34C9AFFZOI45T,112,4.821428571428571,2010-06-01,2014-07-17
A8CKH8XB33XGN,112,4.214285714285714,2010-08-04,2014-07-20
A11D1KHM7DVOQK,112,3.125,2003-08-08,2007-10-03
A1B4MIXYVIKMU2,112,4.303571428571429,2005-08-04,2014-07-20
A3IOQ7NVVLAUEE,112,4.267857142857143,2009-01-29,2014-01-31
ADOR3TR7GDF68,111,4.135135135135135,2011-03-08,2014-06-16
A2DG63DN704LOI,111,4.486486486486487,2009-01-30,2014-07-10
A3F3B6HY9RJI04,111,4.378378378378378,2003-10-12,2014-07-16
A3EZFFPVS34AMO,111,4.576576576576577,2006-08-11,2014-07-10
A25UZ7MA72SMKM,111,4.108108108108108,2010-04-20,2014-06-25
A25FL6VLD7S23S,111,4.801801801801802,2002-11-12,2014-05-09
A1ZTR0FR5AW9B4,111,3.7027027027027026,2012-02-08,2014-07-03
AX7317G153T8W,110,4.290909090909091,2007-11-29,2014-07-16
AT09WGFUM934H,110,4.318181818181818,2013-06-11,2014-07-10
A1QNYLBG73QRNF,110,4.1909090909090905,2005-03-10,2014-06-11
A2QI2NTDTMK2FV,110,4.2272727272727275,2000-07-13,2014-07-20
A2JE071UW97J2A,110,4.6454545454545455,2007-02-14,2014-07-17
A2S26YGSVXBCFL,109,4.0,2001-08-16,2014-07-09
AVFJ327UXPXLF,109,4.220183486238532,2007-08-09,2014-07-21
ASCBJEPXTOU0V,109,4.495412844036697,2012-12-23,2014-07-17
A2VODABWSVHV8E,109,4.8807339449541285,2007-04-03,2014-06-16
AG7EF0SVBQOUX,109,4.541284403669724,2002-09-15,2014-07-16
A2IFGGXG3YV3Y6,109,4.412844036697248,2000-05-27,2014-07-23
A1XXMNLOLKNO0I,109,4.853211009174312,2004-01-22,2014-07-16
AK3GKIV8DEY8B,109,4.614678899082569,2006-04-09,2014-06-07
A3BVN2QBNPBHCR,108,4.638888888888889,2006-02-21,2014-07-16
A195EZSQDW3E21,108,3.990740740740741,2009-01-28,2014-07-21
AWNJAY0M5UI70,108,4.722222222222222,2009-12-29,2013-12-21
A3FOSLM5G1BO63,108,3.6296296296296298,2006-08-12,2014-07-06
A2AEZQ3DGBBLPR,108,3.712962962962963,2001-07-28,2014-05-22
A2F7CSE6KT7NI4,108,4.12962962962963,2006-12-18,2014-07-17
A1UEL5C1N6E5SE,108,4.138888888888889,2003-01-05,2014-06-20
A370XYLIZCSK1Y,108,4.546296296296297,2010-05-21,2014-04-20
A4D5B7Q8A7PA6,108,4.472222222222222,2005-03-06,2014-07-20
A3284KYDZ00BZA,108,4.027777777777778,2009-04-19,2014-07-06
A10PEXB6XAQ5XF,107,4.02803738317757,2010-07-23,2014-07-15
A22S7D0LP8GRDH,107,4.570093457943925,2002-05-24,2014-06-24
ABXANRX4GPYRZ,107,4.214953271028038,2006-05-17,2014-07-11
A3HSDV9Y0TV5Z2,106,4.584905660377358,2010-05-11,2014-07-11
A19X4BF861LQST,106,3.7641509433962264,2004-01-03,2014-04-16
A2LCE1D0TW2XY0,106,4.132075471698113,2007-07-03,2014-06-15
A18U49406IPPIJ,106,4.971698113207547,2013-11-30,2014-07-20
A1U5NWJOYH2QQH,105,3.933333333333333,2000-04-25,2014-06-17
A2503LT8PZIHAD,105,4.123809523809523,2008-10-09,2014-06-30
A3V5F050GVZ56Q,105,4.647619047619048,2011-10-10,2014-04-17
A9Y5O2R4D6EH5,105,4.076190476190476,2005-07-26,2014-07-18
A1QVFHPY8418HC,105,4.485714285714286,2001-12-26,2014-06-30
A2V1J3JT5OOZFO,105,4.076190476190476,2005-05-06,2014-07-12
A19UTUEBWKIZFT,104,4.663461538461538,2011-05-20,2014-07-22
A1435P5AMCPB3X,104,4.490384615384615,2006-06-14,2013-11-28
A1JUBRIZMO0RJV,104,4.394230769230769,2005-01-23,2014-03-26
A1CPRP3VFJRS1R,104,3.6538461538461537,2003-12-01,2014-05-10
A19XMHRB3G4DIR,104,4.471153846153846,2008-06-22,2014-07-20
A2KZOIOFXXMC1H,103,4.077669902912621,2008-11-19,2014-07-19
A204K1OFE8OB9Y,103,2.9902912621359223,2005-08-25,2014-07-14
A27QXQQOLAMRRR,103,3.912621359223301,2007-05-27,2014-06-26
A3H4S6YO9VNGDZ,103,4.543689320388349,2013-10-15,2014-07-16
AZAC8O310IK4E,103,4.320388349514563,2006-12-24,2014-06-24
A8X8D4BUY5DFU,103,4.145631067961165,2007-11-04,2014-06-20
A3MFORLOKIOEQY,103,4.563106796116505,2007-02-13,2014-07-22
AGXMC3ITWZASE,103,3.8932038834951457,2006-11-08,2014-05-09
A1G650TTTHEAL5,103,4.844660194174757,2013-08-28,2014-07-16
AHQRU3MRORIWQ,102,4.254901960784314,2007-08-09,2014-06-23
A2LB4FLRZG6CUV,102,4.2745098039215685,2011-11-30,2014-07-21
A14JBDSWKPKTZA,102,4.696078431372549,2001-11-22,2014-06-24
AX05DBU8IRUWY,102,4.068627450980392,2011-05-31,2014-07-21
A16QODENBJVUI1,102,4.5,2006-03-07,2014-07-06
A1VHCO8RQFIGQJ,102,4.392156862745098,2010-09-15,2014-01-29
A27H0T39U3FZB5,102,4.068627450980392,2007-12-13,2014-06-18
A197T2N6RU7K56,102,4.627450980392157,2004-08-21,2014-05-08
A3HPCRD9RX351S,102,4.382352941176471,2009-04-25,2014-06-27
A3HR0ZZOFKQ97N,102,4.705882352941177,2011-04-26,2014-07-14
A3S5EXYZDEBF3K,101,3.712871287128713,2004-12-02,2014-01-15
A1U4GOVZWL8ZTL,101,4.712871287128713,2010-08-22,2014-05-16
A7EJERNB7IK3Z,101,4.158415841584159,2004-12-01,2014-03-14
A2Y739CRM15WDL,101,3.900990099009901,2000-09-21,2014-07-20
A34UVV757IKPVB,101,3.6831683168316833,2006-06-16,2014-07-02
A3QMJMTLJC34QC,101,4.306930693069307,2003-01-12,2013-03-19
A27M75LRSJ788H,101,4.891089108910891,2013-02-07,2014-04-08
A1V3TRGWOMA8LC,101,4.257425742574258,2008-02-16,2014-07-22
A3DOPYDOS49I3T,101,4.891089108910891,2007-08-19,2014-07-06
A2LW5AL0KQ9P1M,101,3.8118811881188117,2007-01-08,2014-07-18
A2L42QEWR77PKZ,101,4.346534653465347,2009-02-01,2014-05-25
A1JZFGZEZVWQPY,101,3.9504950495049505,2003-05-15,2014-07-12
A3NOBH42C7UI5M,100,3.77,2003-05-28,2014-07-21
A6XDZ1MJ0B1A2,100,3.05,2008-09-27,2014-07-15
A27ADCSD15F3GL,100,3.96,2007-10-08,2014-07-20
A2FRKEXDXDN1KI,100,4.43,2001-10-13,2014-06-15
A1KKE6VX8VPWZK,100,4.62,2008-01-05,2014-05-15
A2RIL2NXHE00AQ,100,4.48,2007-01-16,2014-06-05
A3N0P5AAMP6XD2,100,3.59,2007-03-09,2014-06-13
A2W9I628I6SE1U,100,4.17,2004-01-27,2014-06-30
A2XCCN239AR1XK,100,4.55,2007-09-25,2014-07-06
AMVXR3NPL0GWX,99,4.333333333333333,2009-09-12,2014-04-08
A3077MQTAKOVFZ,99,4.363636363636363,2007-12-01,2014-06-30
AR3EVUQF0AC7R,99,4.171717171717172,2008-04-09,2014-07-07
A15T9G38F589KM,99,4.393939393939394,2005-07-07,2014-06-01
A2D1ZQEFS1NBH2,99,4.222222222222222,2006-09-08,2014-07-09
AAQ9NJ480N9W5,99,4.5353535353535355,2013-02-27,2014-07-15
A2OKRGHIYTBQ6P,99,4.434343434343434,2006-01-29,2014-06-20
A1A5KUIIIHFF4U,99,3.9797979797979797,2009-11-15,2014-02-26
A1Z16630QMH8Q6,99,4.767676767676767,2006-11-30,2014-06-25
A2OBDNQ5ZYU1L8,98,4.326530612244898,2007-10-26,2014-07-03
AFNG8O2DXRCUV,98,4.3979591836734695,2009-09-23,2014-06-08
ATFBVUXDIRXT6,98,4.3979591836734695,2007-04-12,2014-07-20
A37CEYB95LK6R6,98,4.469387755102041,2007-10-29,2014-06-13
A1ILWPH1GHUXE2,98,3.86734693877551,2004-12-22,2014-07-03
A1R377IPZOKLMM,97,4.56701030927835,2001-12-01,2014-06-26
A2BX8DDQGCCG2J,97,4.711340206185567,2009-10-30,2014-05-09
A2WC9NFLG57W4H,97,4.360824742268041,2008-08-16,2014-07-13
A37IRE9GZ0CZ7I,97,4.154639175257732,2007-06-21,2014-06-02
A54S9CIUV5VNB,97,4.422680412371134,2008-06-08,2014-07-10
A2JP9E1H0SF392,97,4.412371134020619,2004-06-02,2014-06-10
AAR7CEPXYJA0T,97,3.7216494845360826,2010-05-05,2011-02-07
AEAFHD09X8044,96,4.166666666666667,2010-11-12,2014-07-08
A1QOK9LU90ACF7,96,4.104166666666667,2001-09-05,2014-07-21
A2JMJVNTBL7K7E,96,3.6979166666666665,2006-11-28,2014-06-21
A3QNX5KWHDV0GD,96,3.3645833333333335,2005-06-19,2014-07-02
A2UTZ4O5E2W4DK,96,4.65625,2006-07-26,2014-05-02
A26KXNN6H1IL0I,96,4.3125,2008-05-14,2014-06-26
A10NMELR4KX0J6,96,4.125,2007-01-04,2014-06-04
A1C5WS021EL3WO,96,4.635416666666667,2012-12-09,2014-06-09
A3L6L5O89JTX2T,95,4.557894736842106,2007-05-24,2014-05-22
APBB297H3ZA5E,95,3.8947368421052633,2007-04-20,2014-06-01
A20H1M28WLI9J2,95,3.9157894736842107,2005-10-24,2014-07-17
A2RU4U1JZ3DMP5,95,4.189473684210526,2009-07-07,2014-03-03
ADZF3QDGSZE7K,95,4.126315789473685,2009-03-25,2013-11-04
A84FLVDK2R5JF,95,4.294736842105263,2007-10-03,2014-06-10
A1OMXVXXP07F05,95,4.2105263157894735,2003-04-13,2014-06-06
A2SH6A32BE6NEV,95,4.2631578947368425,2006-09-26,2014-07-03
A2Y3WWPUKIJ59I,95,3.8842105263157896,2007-02-11,2014-06-16
A3QQGPI3CTV9SX,95,4.747368421052632,2008-01-25,2014-03-02
A3SL0HA6422W4M,95,4.568421052631579,2009-06-22,2014-07-04
A19RGDJPNZ7NZ,94,4.223404255319149,2003-07-18,2014-06-07
A1TDR7Y90SVCHL,94,4.351063829787234,2002-05-19,2014-04-13
A2J7FHZFKOKGZ6,94,3.765957446808511,2003-04-11,2014-07-02
A2PZXXPGLXXKZU,94,3.797872340425532,2006-10-01,2014-07-03
A29KJ32G75L7G9,94,4.5638297872340425,2009-10-08,2014-07-14
AUITG1DJ3QUGK,94,4.1063829787234045,2000-06-17,2014-07-05
A38NHXL5257E3B,94,4.542553191489362,2008-12-02,2014-07-22
A2I357I10ZY7CI,94,4.319148936170213,2006-03-08,2014-07-07
AAA0TUKS5VBSA,94,4.25531914893617,2009-03-31,2014-07-08
A506HOOCVL8GW,94,4.5212765957446805,2006-02-27,2014-05-25
A17O9AHKHK66AI,94,3.925531914893617,2006-05-27,2014-07-19
A1GBT4UN2RW7XY,94,4.117021276595745,2004-11-15,2014-06-27
A3MQ15651KGVLJ,93,4.483870967741935,2006-02-17,2014-05-31
AYLLSFYS3UP1H,93,4.354838709677419,2012-04-12,2014-02-08
A20951I210L0IB,93,3.7311827956989245,2010-08-29,2014-06-02
A1MJMYLRTZ76ZX,93,4.333333333333333,2000-07-25,2014-06-09
A1MFAPVBW9BEGD,93,3.5483870967741935,2008-03-01,2014-07-06
A1M7HP5CHDXXOU,93,4.408602150537634,2010-01-17,2014-07-20
AP53MVRC8ZEW2,93,4.720430107526882,2010-05-12,2014-07-15
A36IHC0K68NS2,93,3.5913978494623655,2002-11-30,2014-07-05
A33775AIB1A664,92,3.847826086956522,2002-11-10,2014-05-26
A2OWR5G2OAQF7C,92,4.5,2008-02-20,2014-06-15
A1K4G5YJDJQI6Q,92,2.858695652173913,2005-01-03,2014-06-19
A11T807LX2EF00,92,4.532608695652174,2005-06-15,2014-06-04
A3BKNXX8QFIXIV,92,4.467391304347826,2007-09-19,2014-06-19
A11OTLEDSW8ZXD,92,4.217391304347826,2007-02-16,2014-06-28
A3VI2VETB90ZG5,92,4.304347826086956,2007-03-22,2014-07-02
A38NELQT98S4H8,92,4.086956521739131,2007-07-03,2014-07-01
A1V4A5U5O3TMMD,92,4.032608695652174,2010-12-08,2014-06-10
AUBEFRFHJR64Y,92,3.9347826086956523,2011-10-09,2014-06-08
A2LXX47A0KMJVX,91,3.934065934065934,2003-07-28,2014-06-19
A2NJQF2UI60VGT,91,4.549450549450549,2007-10-31,2013-12-29
A2NSMJVQY0RV9S,91,4.571428571428571,2009-08-12,2014-04-18
AQ2FC1DLKVD8H,91,4.230769230769231,2010-08-15,2014-07-17
A3BACUOZV1M0WM,91,4.428571428571429,2006-06-10,2014-06-10
A1KD8NJPZ01R37,91,3.3956043956043955,2001-08-13,2012-10-24
A3NG7X4APIV649,91,3.967032967032967,2006-02-07,2014-07-10
A1VGXHHR08G044,91,4.186813186813187,2005-12-25,2014-07-07
A1PN2U0AWXGVML,91,4.549450549450549,2001-10-28,2014-07-10
AYMD77ITD15PT,90,4.2444444444444445,2001-06-08,2014-07-03
A2WW57XX2UVLM6,90,4.266666666666667,2006-06-02,2014-07-16
A1QQA7Y92L4F9R,90,4.533333333333333,2006-03-23,2014-05-21
A2VALCFTOWFYXZ,90,3.3333333333333335,2012-08-21,2014-07-10
A22I55P15NSAOX,90,4.311111111111111,2007-02-11,2014-06-29
A1OGCPMSIVK7G4,90,4.111111111111111,2012-03-02,2014-07-03
A2QDOJFFLFGF18,89,4.629213483146067,2006-03-12,2014-06-26
A3GVXKCTFN3YDN,89,4.820224719101123,2007-11-23,2014-06-16
AMS2CPERWN7JV,89,4.415730337078652,2006-12-07,2014-07-21
A1PV5T5S4D5NPI,89,4.662921348314606,2007-08-09,2014-07-14
A1YVO5V1SO18DZ,89,4.303370786516854,2003-01-20,2014-06-18
A25QJBK33C4O0R,89,3.8202247191011236,2008-06-05,2014-05-24
A3977M5S0GIG5H,89,4.629213483146067,2006-08-24,2014-05-06
A3F3B1JPACN215,89,4.112359550561798,2007-04-16,2014-07-06
A1143YEAZYMYHJ,89,4.449438202247191,2001-12-27,2014-06-27
A1F0KPA232MTYC,89,4.101123595505618,2012-02-08,2012-12-12
A32QOZWIKQDNZX,89,4.449438202247191,2001-05-17,2011-05-08
A31BD4RXCON7QO,89,4.123595505617978,2000-12-15,2014-04-28
A87N6UTYA6NOB,88,4.318181818181818,2009-02-03,2013-11-18
A1MFVAHTT2BHM0,88,4.045454545454546,2007-12-20,2014-07-17
ADKZOXAOV8EXD,88,4.011363636363637,2006-06-25,2014-05-26
A1NNMOD9H36Q8E,88,4.011363636363637,2007-04-12,2014-07-19
AD9ZL63H0VKCZ,88,4.125,2011-09-14,2014-03-09
A1KXJCXS6HFRQZ,88,4.136363636363637,2007-02-10,2014-07-17
A1O229NVVDJUX2,88,4.170454545454546,2005-08-02,2014-06-04
A4UGMKUSX9XHI,88,4.738636363636363,2007-12-07,2014-06-25
A23ZNGL704AW7O,88,4.1477272727272725,2007-01-28,2014-04-25
A3SMD3T0QTN109,88,4.284090909090909,2007-07-17,2014-07-10
A1WXG10FJ353K0,87,4.379310344827586,2008-02-05,2014-07-07
A2L90SGUP36KGA,87,4.0,2011-04-10,2014-07-10
A3NCIN6TNL0MGA,87,4.482758620689655,2001-08-05,2014-06-03
A2NSXY5L42ZUGO,87,4.528735632183908,2008-12-08,2014-07-05
A3EFSLEMHNPP6A,87,4.32183908045977,2004-03-29,2014-07-20
A3F7USIDJBR8WU,87,4.517241379310345,2007-04-30,2014-04-08
A3V2EZ6MA32FF6,87,4.655172413793103,2006-10-08,2014-07-22
A3UR2N0ATGBCU8,87,4.448275862068965,2007-01-04,2014-06-11
A11EXFO14WEJM1,86,4.3604651162790695,2003-10-13,2014-06-10
A2SYAQXJGRY3XE,86,4.093023255813954,2010-04-29,2014-07-07
A2PREU4LOFQRB1,86,4.5,2008-07-31,2014-07-21
A1X2LENOF84LCQ,86,3.7209302325581395,2005-04-13,2014-06-26
A26BDXG9KVH7SU,86,3.604651162790698,2001-10-10,2014-07-22
A2WJ5XSE4I9F55,86,3.383720930232558,2009-10-23,2014-07-02
AIFLY2HF8NS8U,85,4.482352941176471,2007-09-08,2014-07-21
A35W3JQYP0M655,85,4.247058823529412,2009-02-12,2014-07-18
A1H4IVXNXWWBLV,85,4.247058823529412,2007-01-09,2014-07-10
A1WF4QNIE2Z3I7,85,4.517647058823529,2014-01-28,2014-07-05
AMUP8DYE7EAN2,85,4.023529411764706,2007-10-14,2014-05-14
A253IOATGMT2UP,85,4.447058823529412,2008-03-17,2014-07-04
A26EQ8U96JA92T,85,4.658823529411765,2009-01-18,2014-06-26
ALRCAGJOJ9583,85,4.176470588235294,2005-01-31,2014-06-30
A38C12950IM24P,85,4.729411764705882,2013-10-31,2014-07-08
A357B3PUHSVQA,85,4.0,2006-05-10,2014-07-22
AS269J1OGZT1V,85,3.8,2000-07-03,2014-03-24
A3S0EHEIR52HP1,85,4.729411764705882,2011-06-21,2014-01-16
A2GKMXRLI7KLFP,84,4.7023809523809526,2009-03-10,2014-02-23
A2XIOXRRYX0KZY,84,4.238095238095238,2007-01-07,2014-07-20
A3TBMAWIIHKHFN,84,3.2976190476190474,2006-04-06,2014-07-01
A1VFX417XDNWIU,84,4.154761904761905,2007-05-03,2014-05-30
A2ME89MSWVG9NF,84,3.7976190476190474,2003-05-31,2014-05-24
A316XO4RWX21YN,84,4.011904761904762,2008-01-03,2014-06-30
A35X2JJI49OBZP,84,4.511904761904762,2004-08-31,2014-07-22
A4IL0CLL27Q33,84,4.285714285714286,2006-01-27,2014-07-22
A1JWSDDIH5Z7DV,84,4.976190476190476,2002-04-12,2012-03-15
A2X78O6G89CB30,84,4.630952380952381,2010-10-01,2014-07-01
A96JD9312DHWC,83,4.566265060240964,2003-11-19,2014-07-22
A2XA8CW5DF4MNZ,83,4.590361445783133,2004-12-08,2014-06-26
A1KY5G5FP31F2F,83,4.614457831325301,2003-09-08,2014-07-07
A1H98YV5K5BUX0,83,4.566265060240964,2008-04-20,2014-01-09
A9LNWA25IM2DX,83,4.144578313253012,2008-06-19,2014-07-06
A1KDUQ2HU0WD68,83,4.313253012048193,2009-08-08,2014-07-21
A2HNH4PKE5DPSI,83,4.650602409638554,2007-10-19,2014-07-07
ACQYIC13JXAOI,83,4.433734939759036,2008-07-18,2014-07-05
A3J2YU2D9BH2J7,83,4.421686746987952,2013-10-30,2014-05-14
A186697K4XKXQL,83,3.8433734939759034,2005-03-02,2014-06-26
A38QEATH3NODFM,83,4.710843373493976,2006-06-25,2014-06-23
A20L63B48RPSOH,83,4.048192771084337,2007-02-07,2014-06-15
A2LTYEYGKBYXRR,83,4.819277108433735,2013-07-08,2014-07-09
A2JXS1JII6SAUD,83,4.554216867469879,2006-01-15,2014-02-07
A3DGJMO6VPG6FJ,83,4.036144578313253,2010-04-09,2014-07-07
A2T689YVOAYGGD,83,4.180722891566265,2005-03-09,2014-05-19
A3F9CMU8KNAY1M,82,4.182926829268292,2008-06-28,2014-06-25
A3775OP5VTX5ON,82,3.7195121951219514,2002-06-29,2014-07-18
A21INUA35HX4XQ,82,3.8658536585365852,2010-04-13,2014-06-18
A3SOJO7Z7R9WIA,82,3.1951219512195124,2007-01-19,2014-07-07
A2EN82VBJT44QP,82,4.463414634146342,2009-04-15,2014-06-21
APOGXH3A74CM3,82,4.7439024390243905,2002-12-24,2014-06-08
A18YMFFJW974QS,82,4.2073170731707314,2005-01-23,2014-07-21
A2PK64OVZA1U8Z,82,4.2439024390243905,2002-02-08,2014-07-03
AXYM52DNK6NDF,82,4.378048780487805,2010-03-05,2014-05-15
AXU3VKZE848IY,82,3.9390243902439024,2005-04-14,2014-05-26
A27T4RQ3XA661C,82,3.8536585365853657,2003-09-06,2014-07-22
A35Q0RBM3YNQNF,82,4.524390243902439,2010-01-07,2014-07-17
A3D6OI36USYOU1,82,4.121951219512195,2005-03-05,2014-06-29
A2V0I904FH7ABY,82,4.402439024390244,2005-09-17,2014-07-15
A2I6GN7OHB9JKF,81,4.111111111111111,2012-01-28,2014-07-01
A1CSRR7FCKBL9M,81,4.246913580246914,2012-02-14,2014-07-10
A19HT7YC1UW3D6,81,4.518518518518518,2010-05-16,2014-04-08
A2MJ8OL2FYN7CW,81,4.3580246913580245,2007-07-14,2014-07-12
A2RN2AO4BE6F4K,81,4.395061728395062,2007-11-25,2014-06-23
A2RWHTNM5P3I8Y,81,3.950617283950617,2001-07-08,2014-07-13
AYNAH993VDECT,81,4.320987654320987,2005-12-06,2014-07-16
A3ER6ARJ23CIN8,81,4.567901234567901,2007-11-26,2014-07-08
A12R3YGEHW7D8G,81,4.308641975308642,2012-03-09,2014-05-18
A1E55W6ES0FY17,81,3.506172839506173,2006-04-10,2014-07-21
AYOTEJ617O60K,81,3.888888888888889,2008-09-13,2014-06-17
ASJLXOX1VD4DF,81,3.7037037037037037,2009-05-08,2014-07-21
A2XU6J41ZQOJ2V,81,4.395061728395062,2005-01-24,2014-04-16
A13WOT3RSXKRD5,81,4.679012345679013,2009-06-07,2014-07-09
A2FSOHSM9X13JT,81,4.617283950617284,2010-11-06,2014-07-08
A1RJKTYC03L0JY,81,4.049382716049383,2009-11-13,2014-07-18
A212MDP6K4VJS5,81,4.469135802469136,2001-12-09,2014-07-10
ANRS196NKFVUU,80,4.875,2011-05-10,2014-05-19
A226VGZWOEBPGL,80,4.45,2007-09-05,2014-07-20
ACY9QYNDFLVBI,80,4.5875,2008-11-01,2014-06-04
A10O7THJ2O20AG,80,4.975,2011-09-27,2014-06-07
A6XLG77BC9R8R,80,4.2875,2008-01-23,2014-07-05
A3LPL35P7FH78Y,80,4.875,2011-11-08,2014-07-10
A1PL7QILVQV3IF,80,3.95,2007-12-19,2013-12-31
A21I62TCDL4754,80,3.9375,2008-05-17,2014-03-04
ACHTDPEQYSEQL,80,3.8625,2003-01-06,2014-07-01
A1A535TCGNMVPI,80,4.575,2004-10-06,2014-07-17
A3G5MOHY1U635N,80,4.1,2006-03-14,2014-07-22
A3INN916E4VION,80,4.5125,2000-11-16,2014-07-11
ABMF4UC4Z00NT,80,4.4,2008-07-03,2014-06-19
A1XE3M22N91451,80,4.45,2010-12-14,2014-06-05
A2X3L31KCXBHCL,80,4.2875,2006-07-22,2014-06-23
ARIDN94LOCQFD,80,4.4125,2007-02-20,2014-06-27
AW5JSQCHC2ZJO,79,4.2405063291139244,2008-03-14,2014-07-15
A2IT7S59GSASN7,79,3.3797468354430378,2005-09-01,2014-07-13
AGYH5U11ZKPFB,79,4.417721518987341,2011-08-30,2014-07-19
A3RGJ1FXOB1ZLL,79,4.924050632911392,2009-01-11,2014-06-08
AV8MDYLHHTUOY,79,4.075949367088608,2003-07-29,2014-06-26
A2T3S3VTW65VO5,79,4.620253164556962,2010-05-04,2014-07-13
AVSMRPI23DQI2,79,4.518987341772152,2004-03-10,2014-01-26
A1LD5SE8IZ1H70,79,4.329113924050633,2009-11-11,2014-03-27
A3TCMJ6GKZJFBQ,79,4.025316455696203,2001-10-26,2014-06-04
A3LZA698SQPCXE,79,4.405063291139241,2003-06-06,2014-06-20
A2W2ODLRQ2L8LE,79,4.227848101265823,2010-09-21,2012-07-17
A1VVRA3P6G1TWH,78,4.0,2006-04-14,2014-06-16
A1VLVWTLV3LVHR,78,4.230769230769231,2003-04-03,2014-06-02
A28BX3MM90A6FI,78,4.4743589743589745,2007-07-11,2014-07-02
A3SX5MZTCZRQLF,78,4.051282051282051,2007-11-19,2014-07-07
A2JAEZ0FMAMJVW,78,4.384615384615385,2006-03-24,2014-07-21
A2PMR2PIGWKCQ9,78,4.294871794871795,2008-02-19,2014-07-03
A20VG5W98SX99L,78,3.871794871794872,2005-10-31,2014-04-16
A17UNMURMLX0ZE,78,4.012820512820513,2009-05-08,2014-07-05
A54SG05AV6S4H,78,4.948717948717949,2011-01-17,2014-06-23
AJX9A4Q19UTJU,78,4.448717948717949,2004-11-19,2014-07-21
A2HKUM9OEBQKDW,78,4.282051282051282,2010-06-13,2014-06-04
A31HE83MU98GBV,78,4.589743589743589,2005-11-29,2014-07-10
AGHZXQL9F94T9,78,3.3846153846153846,2001-11-20,2009-02-11
A2V7EO331SFUF6,78,4.128205128205129,2005-05-10,2014-03-10
AU3GYRAKBUAEU,77,3.6233766233766236,2004-01-31,2014-07-09
A3M7BCQKSQAK4L,77,4.220779220779221,2011-06-07,2014-07-07
A1ZM846Y7AUYD,77,4.142857142857143,2006-11-09,2013-03-21
A2V9DTXTQ5YIMK,77,4.428571428571429,2004-03-11,2014-07-19
A10ZBR6O8S8OCY,77,4.64935064935065,2007-10-10,2014-06-02
A2U3OEIK1CUPIK,77,4.532467532467533,2008-07-07,2014-04-12
A2EW01G2LNJN06,77,4.558441558441558,2012-11-19,2013-03-15
AFICF7DKHTQ87,77,3.935064935064935,2007-05-18,2014-07-15
A2YHXGPCTENZY3,77,2.3896103896103895,2002-02-04,2014-04-02
A31ICLWQ9CSHRS,77,4.246753246753247,2005-10-20,2014-06-13
A16RI68PS6T5CA,77,3.961038961038961,2004-12-10,2014-06-26
A1X3ESYZ79H59E,77,4.246753246753247,2011-01-27,2014-07-20
A8WEXFRWX1ZHH,77,3.220779220779221,2004-11-06,2014-05-18
AHR86ZEYETLJI,77,4.558441558441558,2010-09-29,2014-06-09
A34VRVI4CSI5RQ,77,4.246753246753247,2008-07-22,2014-07-11
A27B1U3OWCU14J,77,4.207792207792208,2005-06-03,2012-02-25
A2NP9CGUSFP22E,77,4.64935064935065,2012-06-10,2014-06-18
A1AWL9JASMG904,76,3.526315789473684,2003-09-14,2014-07-19
A1PVJICI412IN4,76,3.9473684210526314,2008-10-25,2014-07-01
A1PI8VBCXXSGC7,76,4.25,2009-07-14,2014-07-12
AIBRTGBN07D6A,76,3.9342105263157894,2003-12-28,2014-06-26
A1CM4HI4S5P0WO,76,3.8157894736842106,2009-05-16,2014-05-03
A1H6SBO7R007I8,76,3.8815789473684212,2009-02-24,2014-06-11
ASFP250F22MDZ,76,3.736842105263158,2008-07-04,2014-04-16
A328S9RN3U5M68,76,4.9605263157894735,2011-06-14,2014-07-14
A2KHG3JOFXQ4CE,76,3.6315789473684212,2007-07-13,2014-06-11
A7EU2BWLLCJY2,76,4.552631578947368,2008-02-13,2014-07-20
A3D01HLSUFEZQY,76,4.473684210526316,2009-09-13,2013-08-30
A2WCFDOCS73PNB,76,4.328947368421052,2001-12-25,2014-07-22
A34LQ791ACZ0JC,76,4.75,2006-12-15,2014-02-25
A32LX4XJ2LU740,76,4.2631578947368425,2010-02-07,2014-07-15
AW6J9IILGOZY3,76,4.2894736842105265,2008-03-05,2014-06-26
AW68KVDV7BBRS,76,4.355263157894737,2002-08-30,2014-01-22
A3E049PVKG7NDK,76,4.302631578947368,2007-12-26,2014-06-28
A3PGVJF37JSHFO,76,3.960526315789474,2000-08-04,2014-05-29
ALQ4USPEQ9L5N,76,4.184210526315789,2008-07-12,2014-07-20
A2IFKH3TJ10387,76,4.368421052631579,2007-11-23,2014-06-24
A34CSXOGVYF94S,76,4.2894736842105265,2008-12-31,2014-07-10
A7Y6AVS576M03,75,4.733333333333333,2000-10-03,2013-10-15
A1GQRGB8FGSLIZ,75,3.88,2002-12-31,2014-06-26
A2YEOR4XJ8N3QE,75,4.1466666666666665,2010-05-05,2014-07-12
A2TKWMX4563NR6,75,3.973333333333333,2007-08-24,2014-07-03
A26877IWJGISYM,75,4.266666666666667,2001-03-02,2014-07-03
A2I18AO597DSDI,75,3.56,2001-11-28,2014-07-11
A2X06FP2PQ6EK0,75,3.2,2002-10-03,2014-05-12
A11YOTONCPRQ9S,75,3.3466666666666667,2007-12-11,2014-07-10
A3PDWA32BAMB2Y,75,4.24,2012-11-09,2014-06-16
A3F9CBHV4OHFBS,75,4.493333333333333,2005-01-11,2014-07-06
A2HPJKM7L4EOQB,75,4.253333333333333,2007-08-17,2014-07-13
AGXV8E7XK9J6H,75,4.16,2006-04-27,2014-06-19
A1OO9N1MRNQ7K0,75,4.746666666666667,2007-01-05,2013-03-04
A2LLSFQO8O8XNW,75,4.44,2010-07-21,2013-11-21
A1GWG5CWLKJ7ET,75,4.266666666666667,2008-10-16,2014-06-26
AGX2K0FMS0IVL,75,4.026666666666666,2007-06-15,2014-07-18
A3BNMHRW2R35LK,75,4.226666666666667,2006-06-30,2014-07-05
A19HKRB4LU5YR,75,4.0,2006-09-28,2014-06-27
A1VUN4JU731CBH,75,3.76,2001-11-13,2014-06-20
A2DKQQIZ793AV5,75,5.0,2013-04-13,2014-07-16
A35HNL2VEDK9Z1,75,4.226666666666667,2007-12-23,2014-07-07
A1B6O7SAIYG2N0,75,4.226666666666667,2006-02-16,2014-06-29
AI0BCEWRE04G0,75,4.28,2005-09-13,2014-07-05
A11FX8HL2ANK6T,75,4.306666666666667,2012-01-27,2014-07-13
AWH2AY17ZU7W2,74,4.243243243243243,2005-09-03,2014-07-16
A3CEUT263RNUDO,74,4.27027027027027,2009-11-23,2014-07-06
A9ELHLPXF7JKD,74,4.486486486486487,2000-05-10,2014-06-22
A3S3VSXEFXBMRC,74,4.243243243243243,2010-05-16,2014-07-14
A3P1508PZ0UADD,74,3.8513513513513513,2006-04-24,2013-10-21
A2WXURU33RBGQS,74,4.054054054054054,2009-01-19,2014-06-07
A1GYEGLX3P2Y7P,74,4.27027027027027,2009-12-21,2014-07-09
AGJRUK27RBVYS,74,4.22972972972973,2005-06-08,2014-06-03
A3SQCTNYQFVBWM,74,3.9594594594594597,2011-12-01,2014-07-02
AV10H5K6VPQIJ,74,4.4324324324324325,2011-09-15,2014-06-18
A1BVE2ZIBKJ7YI,74,3.5405405405405403,2008-01-17,2014-07-01
A24P4E3RJ6AX94,74,4.5675675675675675,2011-12-28,2014-07-18
A13BX9O5UDBILC,74,4.081081081081081,2005-01-25,2014-06-27
A2GOHNFBHUU3UI,74,3.8783783783783785,2004-09-25,2014-07-01
A28N2AWOVO2PB,74,4.527027027027027,2007-09-20,2014-06-06
A2L9OPJAAEK08Q,74,3.5135135135135136,2006-12-30,2014-03-28
AOWF9T81XMX2S,74,4.351351351351352,2010-03-26,2014-06-28
AGR1V15L6FLMA,74,4.486486486486487,2011-02-07,2014-06-06
A21VM9WVF8EOSJ,73,3.4246575342465753,2010-05-18,2014-06-30
A39137LW12KK7B,73,4.589041095890411,2008-07-23,2014-06-06
A2RW587355CMVA,73,4.095890410958904,2001-04-03,2014-07-21
A1SHHQSPOWR00F,73,3.328767123287671,2007-03-06,2014-04-20
A18EA7MNLXP9H5,73,4.1506849315068495,2009-04-21,2013-12-27
A2TVH2OBNXYXHV,73,4.041095890410959,2003-06-19,2014-06-23
A2FXBWR4T4OFQ,73,4.767123287671233,2013-03-23,2014-06-05
A2L4ZGN7GZJ95T,73,4.178082191780822,2010-04-15,2014-07-07
A3B20R4ZAH0Y2Y,73,4.2465753424657535,2004-09-12,2014-07-11
A3EK2KTYHJCPB9,73,4.2465753424657535,2008-09-02,2014-07-11
AG6TX1ZJHLMO7,73,4.397260273972603,2008-12-05,2014-06-27
A25WJCAP606YMP,73,4.232876712328767,2005-11-21,2013-12-13
A7UPJYPAH73NC,73,4.36986301369863,2007-01-19,2014-06-09
A23QII83UGZP5U,73,3.9863013698630136,2005-09-26,2014-06-24
A35HUT8MQMT21L,73,4.1506849315068495,2009-10-16,2014-04-27
AROQO2VDODT7,73,4.342465753424658,2010-05-19,2014-07-14
A18OTCHQ6MXD6X,73,4.342465753424658,2006-11-03,2014-07-07
A4IEUHNRFZO0,73,4.602739726027397,2008-05-31,2014-07-15
A3A15L96IYUO6V,73,4.2465753424657535,2000-05-19,2014-07-17
A1S27P7KJO9I96,73,4.219178082191781,2004-12-25,2014-06-18
A2JWF9IG8PJAOA,73,4.602739726027397,2011-07-09,2014-06-02
ADPKRJ2BSFJ0I,73,4.739726027397261,2009-06-27,2014-06-11
A26SO3TOT2TLJE,72,4.347222222222222,2005-12-17,2014-07-21
A1WG97A0EFHYXN,72,4.680555555555555,2013-11-13,2014-06-05
A2WPL6Y08K6ZQH,72,4.277777777777778,2002-11-15,2014-06-29
AM3XNQU9TZBD8,72,4.666666666666667,2008-05-14,2014-07-17
A3PCEB9ND82AGE,72,4.902777777777778,2011-08-16,2014-07-02
A1C47ROOK7BSVL,72,2.9583333333333335,2008-07-12,2014-07-02
A1P4XD7IORSEFN,72,3.7777777777777777,2007-12-13,2014-05-09
AVBLGXSWRN666,72,3.875,2001-09-28,2014-07-17
ACYZXQ2JKPZKT,72,3.611111111111111,2005-08-29,2014-03-31
A3TRY87JJCA5Y8,72,4.208333333333333,2007-02-12,2014-06-28
A2294LS59GC5K7,72,4.194444444444445,2007-12-08,2014-06-09
A32T2H8150OJLU,72,4.513888888888889,2005-12-29,2014-05-20
A240FRPD4MEXND,72,4.236111111111111,2005-04-29,2014-07-23
A3JU990UTN5RQP,72,4.472222222222222,2012-12-21,2013-11-09
A32HSNCNPRUMTR,72,3.7777777777777777,2008-12-21,2014-07-09
A3094EPI56GKZ6,72,4.916666666666667,2008-03-26,2014-06-30
A2UKE7GIVC7XFW,72,4.097222222222222,2007-06-19,2014-07-03
A19NP8YYADOOSF,72,4.013888888888889,2003-11-05,2014-07-21
A1ZPY91VE3IDN1,72,4.416666666666667,2008-03-11,2014-07-10
A12EVK82QUTSA6,72,4.416666666666667,2006-11-03,2014-06-24
A1BBYSMT9YCODI,72,3.8472222222222223,2007-03-07,2014-07-12
A2VH0UT5EQFB6P,72,4.055555555555555,2006-08-31,2014-06-19
A3MUSWDCTZINQZ,72,4.291666666666667,2009-10-06,2014-07-01
A2FHTXLKY1XJDB,72,4.0,2009-05-31,2014-06-04
A35C2IVVQR1HTK,72,4.0,2007-04-09,2014-04-23
A10X9ME6R66JDX,71,4.661971830985915,2009-08-22,2014-01-14
A4GHPW9AAH1NY,71,4.507042253521127,2008-04-27,2014-04-13
A2AX2UGB167J31,71,4.76056338028169,2013-07-19,2014-05-29
ATZJNEXX7LWD3,71,3.492957746478873,2007-09-18,2014-07-16
A2NU9H8H5MJZSL,71,2.619718309859155,2002-11-08,2014-06-06
AKX9EQ37PAYMY,71,4.563380281690141,2005-09-25,2014-06-27
A105TOJ6LTVMBG,71,3.8450704225352115,2009-07-02,2014-06-09
A1AQ8JT2A3UWMY,71,3.8450704225352115,2010-02-12,2014-06-07
A3VC74TJ06WDDD,71,4.408450704225352,2012-08-23,2013-10-05
AFR9GYKAHM37U,71,4.619718309859155,2008-10-04,2013-11-23
AHF4I1FSIHABC,71,4.661971830985915,2009-08-02,2013-05-17
A1IBKN1GXYJ3K4,71,4.366197183098592,2001-05-26,2014-06-19
A2SATO5BNKWY3Y,71,4.619718309859155,2010-07-26,2014-07-07
A2NVQZ4Y7Y0J1R,71,3.7464788732394365,2003-12-08,2014-06-25
A16C19G0I2DE8S,71,4.845070422535211,2007-04-11,2014-06-18
A3NKRH3TJ4DPVI,71,4.619718309859155,2002-11-09,2014-05-16
A1Z7U9K6X3FEOU,71,4.323943661971831,2014-05-07,2014-06-18
AEZJTA4KDIWY8,71,4.366197183098592,2013-02-23,2014-07-13
AWSK1ZAEU1KFL,71,4.225352112676056,2010-08-24,2014-06-21
A2ROZACRW31PC2,71,3.464788732394366,2005-09-21,2014-07-20
A35IX2GE0VC0JP,71,3.619718309859155,2005-09-07,2014-07-21
A14I1F2H7NOYDC,71,4.352112676056338,2011-02-18,2014-03-21
A2VJ5ALN1BIV3B,70,4.514285714285714,2010-01-30,2013-05-17
AWZR0O65DL2Q,70,4.1571428571428575,2003-02-02,2014-07-19
A3NYBI5VMVEEIK,70,4.242857142857143,2010-12-10,2014-04-26
A141OPVE376YFI,70,4.585714285714285,2001-06-07,2012-07-28
A3D2VIUT2HWP0Z,70,4.414285714285715,2002-10-22,2014-03-29
A14MZJTZAQS6CV,70,4.185714285714286,2008-09-12,2014-06-26
A2IXK5LB4Y0NYV,70,4.285714285714286,2008-03-24,2014-06-22
A5Q1FK0FWU7DH,70,4.214285714285714,2007-12-23,2014-06-27
A2OS3TIVAKUAHG,70,4.057142857142857,2006-07-09,2014-07-02
A32NEDX6UVV8DE,70,4.4714285714285715,2007-12-09,2014-03-26
A1IG1I6MR3HAWA,70,4.671428571428572,2001-04-26,2014-02-04
ATDE9JYCPI0L1,70,4.0,2005-11-05,2014-06-29
AL1XV4L25FZ2S,70,3.9571428571428573,2006-06-18,2014-03-18
A1PM7HH4F77NEH,70,4.185714285714286,2010-03-14,2014-07-12
AGFSSC5DBY2HU,70,4.214285714285714,2001-08-01,2014-06-09
A257X1MQJO82P2,70,4.828571428571428,2007-08-04,2014-07-13
A3Q1J68QY1MZQ9,70,4.042857142857143,2002-03-11,2014-07-03
AAEVGE52KL0DJ,70,4.571428571428571,2011-04-30,2014-07-19
A2Y1WNETD9AYHO,70,4.185714285714286,2005-04-02,2014-06-29
A3F8T3BRXRX5P3,69,4.0144927536231885,2012-06-02,2014-04-08
A1901NTE8LFJF6,69,4.0,2007-11-10,2014-05-27
AE88D7OM7YU99,69,4.0,2007-06-22,2014-06-29
A1BJOHHLG0D965,69,4.217391304347826,2008-05-21,2014-07-14
AD8DLOGHAXL,69,4.478260869565218,2009-02-16,2012-02-22
A8FKL1DHTHC12,69,4.434782608695652,2011-04-14,2014-06-04
A3LDPF5FMB782Z,69,4.043478260869565,2007-10-15,2014-07-06
A2SL5IW096Z2BL,69,4.3478260869565215,2001-07-04,2013-08-16
A28621TSIR5EOG,69,4.913043478260869,2008-09-02,2014-07-03
A23ZXHFLC6TBLD,69,4.550724637681159,2009-07-15,2014-06-28
A2F2GLVFRNV7JJ,69,4.536231884057971,2010-10-02,2014-01-08
AL9WKVMRI6GFB,69,4.043478260869565,2010-03-25,2014-07-10
A30UP2KKD5IQEP,69,4.3768115942028984,2006-03-30,2014-07-22
A2CL818RN52NWN,69,4.463768115942029,2005-10-23,2008-03-07
A30JPZ9TZ7I61U,69,4.3768115942028984,2008-04-04,2014-07-20
AHS6PX6H22WW1,69,3.927536231884058,2003-09-13,2014-07-02
A2CIQEY05SPHTZ,69,4.0144927536231885,2007-08-29,2014-05-15
A2XHOLOLKGV1FE,69,3.1594202898550723,2006-10-02,2014-07-12
A3JV071KO43Q5X,69,3.7971014492753623,2004-09-07,2014-05-01
A20G074MWH9U7O,69,4.115942028985507,2006-11-27,2014-07-12
AFXTKAO0CB354,69,4.594202898550725,2009-02-16,2013-11-13
AAXAKFQEAQPWC,69,4.463768115942029,2007-07-08,2014-06-01
A1TFDMY4YNTV97,69,3.579710144927536,2009-03-26,2014-05-15
A1PSVZBM894R5H,68,3.323529411764706,2003-11-14,2014-03-28
A3963R7EPE3A7E,68,4.720588235294118,2006-12-03,2014-07-05
A3D822N1K2IAQD,68,4.117647058823529,2002-12-17,2014-07-15
A2PJH18W4XHTZW,68,4.411764705882353,2007-01-04,2014-03-11
A2HXEJXEQQTM1D,68,4.4411764705882355,2010-04-19,2014-07-03
ARTA78TP6H73D,68,4.073529411764706,2002-01-03,2014-07-09
A3JUHP1E3WUHEA,68,4.411764705882353,2006-12-06,2014-07-13
AHNHLGKIZ2N3B,68,3.9705882352941178,2002-12-19,2014-06-26
A2BCDZO1XQLDH,68,4.044117647058823,2002-01-08,2014-06-24
A105S56ODHGJEK,68,3.838235294117647,2007-10-14,2014-07-05
A64LEAZ2QF8L2,68,4.911764705882353,2009-12-23,2014-07-11
A3GX0FAMEXV6FB,68,4.0,2012-04-10,2013-12-31
A1NJHKPHD4YWZV,68,4.0,2007-06-03,2014-02-28
A17NVM7IAPF2NS,68,4.382352941176471,2003-02-13,2014-07-21
A2PSC7LUNIDEAH,68,4.544117647058823,2003-12-16,2014-06-14
A19EKT8H85AKO5,68,4.352941176470588,2008-03-12,2014-06-26
AMKNPIDFLRFMP,68,3.8676470588235294,2004-04-04,2014-07-17
A3TPNC3TKGCCEI,68,4.426470588235294,2003-11-20,2014-07-09
A145B8OHVNNFAJ,68,4.235294117647059,2007-01-18,2014-07-15
A37D1ZP8GBHE38,68,4.323529411764706,2007-09-01,2014-07-20
AL5CUWBFBMWYQ,68,3.6911764705882355,2006-10-26,2014-06-22
A1GW7V6S6XSXX3,68,4.0,2008-03-09,2014-04-07
A1987V5OCO6QHS,68,3.0294117647058822,2007-09-03,2014-03-01
A2EF8N7ZE7ONWX,68,4.073529411764706,2002-06-05,2014-05-14
A1MBXP3NZM2BUO,68,4.470588235294118,2010-04-14,2014-07-13
A3TNM3C9ENUCFW,68,4.0,2000-11-09,2014-05-19
A361U4SXK7FCQE,68,4.323529411764706,2007-07-20,2014-07-07
AT53ZTTO707MB,68,4.588235294117647,2011-06-22,2014-07-02
A2EZTM9WY5B5IL,68,3.7941176470588234,2006-05-04,2014-07-19
A28525P0S5ZVJ3,68,3.823529411764706,2005-03-31,2014-06-12
AQM0K7MBBT4AY,68,4.264705882352941,2008-01-03,2014-07-21
A274MXTX3DYLUV,68,4.294117647058823,2008-08-16,2014-07-03
AB094YABX21WQ,68,4.455882352941177,2009-11-02,2014-02-13
A2IMLOJ2Z2QEU2,67,4.044776119402985,2009-05-30,2014-06-29
A1YN5I4FINMBTI,67,4.6716417910447765,2013-03-21,2013-08-28
A3RGHO0Q938FRS,67,4.208955223880597,2008-03-24,2014-06-22
A359MYLPLEOF7N,67,4.462686567164179,2011-04-25,2014-07-13
AW6A4PPENVZY3,67,4.373134328358209,2010-12-13,2014-07-12
A1FDSZISWIXH1A,67,4.537313432835821,2007-06-29,2014-07-19
A3QAO3QBCQF89T,67,4.164179104477612,2008-07-05,2014-07-04
APQQK1V695AUE,67,4.731343283582089,2007-01-23,2010-03-09
AQCJWSMSURQI2,67,3.8358208955223883,2008-07-30,2014-07-08
A2YEZ8Z3BW2SKG,67,4.597014925373134,2007-09-20,2014-06-26
A2NX6PABLIJLP1,67,4.522388059701493,2007-08-10,2014-06-27
A2TA40MV2H4O6F,67,4.701492537313433,2009-06-05,2014-07-08
A11ED8O95W2103,67,4.044776119402985,2005-12-18,2012-05-19
A1P3DDFL423B3C,67,3.8507462686567164,2006-01-17,2014-06-22
AGEKVD8JPZQMT,67,4.119402985074627,2007-11-11,2014-07-21
A2I2KPNJDQ9SL0,67,4.462686567164179,2010-10-14,2014-07-21
A15J71JLC29KPW,67,4.164179104477612,2002-03-03,2014-07-12
AS2II0671KT2C,67,4.656716417910448,2007-09-22,2014-05-04
A17W0GMB0YY83M,66,4.712121212121212,2008-03-31,2013-11-26
ANTN61S4L7WG9,66,4.242424242424242,2007-09-23,2014-07-07
A3IMALU0RM8UT9,66,4.681818181818182,2007-08-16,2014-07-14
A1MEISNED4NP7U,66,4.848484848484849,2011-09-26,2014-05-09
A386LG0LRWKJZP,66,2.727272727272727,2009-07-01,2014-05-09
AHIK7BUXFRMT8,66,4.5606060606060606,2007-01-18,2014-05-03
A1ATVMMJZP3Q4X,66,4.681818181818182,2004-02-17,2014-04-14
A3N4I2KRSMACW8,66,4.03030303030303,2008-01-05,2014-07-04
AUCIFMWP3DU8R,66,3.9545454545454546,2005-07-19,2014-07-02
A2JOPUWVV0XQJ3,66,3.757575757575758,2006-05-09,2014-06-16
A3VBZDYGHF4NK8,66,4.515151515151516,2008-11-01,2014-07-06
A2F2F7N94SR1KQ,66,4.151515151515151,2011-06-17,2014-06-06
A3V6Z4RCDGRC44,66,4.5606060606060606,2000-10-03,2014-06-12
A3KNGMX2RVQG91,66,4.4393939393939394,2007-01-09,2014-07-15
A35A2RWUMC737N,66,4.378787878787879,2013-01-22,2014-06-24
AR18DH5SL9F73,66,4.0606060606060606,2008-05-23,2014-05-25
A1DQHS7MOVYYYA,66,4.121212121212121,2007-04-09,2014-07-09
A206CGM6J75UJY,66,4.318181818181818,2010-02-07,2013-12-06
A2PL06HW6KZH2,66,4.348484848484849,2013-02-08,2014-07-12
A3LDLV1GWQJLEQ,66,4.636363636363637,2007-06-12,2014-07-03
A2TN0U8173HM7A,66,5.0,2012-02-02,2014-06-07
AFHYEO3Y1IIDD,66,4.045454545454546,2004-09-29,2014-07-08
A2OOLI2WFY4L2,66,3.803030303030303,2011-01-25,2013-10-24
A11EYMH9UV9XG7,66,4.4393939393939394,2007-01-30,2013-10-28
A3V8P0O224OBDB,66,4.621212121212121,2007-08-30,2014-07-14
A3VONQL7YW8UPM,66,4.090909090909091,2002-11-14,2014-03-15
A2ZFBTGPDP6PH6,66,4.303030303030303,2008-05-09,2014-07-09
A7KBAXO177NND,66,4.378787878787879,2013-01-02,2014-07-04
APGQTZZ4ZFPHO,66,4.287878787878788,2009-11-15,2013-12-07
A2HDTOF8222KN3,66,4.984848484848484,2013-01-16,2014-04-12
A7FDGFK0KN7QG,65,4.676923076923077,2001-11-12,2014-06-05
A25TQLMIAPI1T6,65,4.430769230769231,2011-12-28,2014-06-20
A1WUQF5HWBAQJU,65,4.446153846153846,2011-03-19,2014-07-21
A292TRC6DX2GKK,65,4.538461538461538,2009-03-05,2014-06-28
AXP8GO5Q3AXSA,65,4.184615384615385,2005-02-23,2014-06-30
A3RR2P5IS3DGPR,65,4.676923076923077,2006-11-18,2014-06-26
A10AFVU66A79Y1,65,4.184615384615385,2007-09-15,2014-07-17
A3639Z6O5JBLIZ,65,4.753846153846154,2005-11-08,2014-05-03
A1L5TA5UQF7EWE,65,3.6,2008-07-26,2014-05-23
A1D9V11QUHXENQ,65,4.338461538461538,2009-04-28,2014-06-30
A110VKXAVLAYKY,65,4.2,2011-09-13,2014-05-17
ARX0KOX5Q01BJ,65,3.6923076923076925,2010-12-27,2014-07-17
AJL3U764D7NI3,65,4.630769230769231,2010-01-27,2014-06-15
A2FWZ58M6IQMD7,65,3.769230769230769,2003-06-21,2014-05-23
AOVTLYTHVDNUX,65,4.1692307692307695,2010-02-01,2014-07-14
A361M14PU2GUEG,65,4.384615384615385,2011-06-17,2014-04-18
A1Q5P5ML3176C0,65,4.076923076923077,2009-10-27,2013-08-03
A296QED1MV1V0J,65,4.246153846153846,2012-05-10,2014-07-02
A2ED50E3KWKUKW,65,4.7846153846153845,2006-10-22,2014-04-09
AFFVUZEGP1FDQ,65,3.6615384615384614,2002-12-15,2014-07-22
A1J5HIF41ENSMZ,65,3.923076923076923,2006-12-09,2014-07-13
AVJORH3ACR2A5,65,4.707692307692308,2009-02-27,2014-04-21
A21GW4L8FO307V,65,4.507692307692308,2012-12-10,2014-04-24
A2UQK3DAZ8NO2T,65,4.323076923076923,2006-01-22,2011-10-26
AY3D7DG5L5WCK,65,4.553846153846154,2008-09-21,2014-07-03
A2J3VCGBNDLAKF,65,4.2615384615384615,2010-10-15,2014-06-11
A2VC48WIMY6L6E,65,4.3538461538461535,2009-11-26,2014-06-17
AQR4HPVSOPS08,65,4.6461538461538465,2012-04-28,2013-05-23
A2Y29IRSI08F0I,65,4.676923076923077,2011-08-02,2014-02-20
A3G007LQX6KGOD,65,4.292307692307692,2005-03-22,2014-05-29
A12DLJESJKM1OQ,65,4.384615384615385,2003-02-23,2007-03-08
A314KKDIJWCNMV,65,4.338461538461538,2012-01-27,2014-07-08
A30ADSBTWCORYC,64,4.71875,2013-05-30,2014-01-09
A2YYHSORXIHZCS,64,4.359375,2003-08-06,2013-09-29
A3QRR8PSCBI07C,64,4.40625,2011-02-06,2014-05-14
AJEOFP6ZWY0MK,64,4.234375,2008-02-29,2014-04-14
A1DTCJV6KOMJOA,64,4.015625,2001-07-05,2014-06-21
A3MMR2WDKAK0PA,64,3.34375,2003-06-10,2014-07-15
A15CL28ALB7MTZ,64,4.34375,2008-04-01,2014-07-03
ANXEW7IDYDJEH,64,4.609375,2011-05-03,2014-07-18
ABH9D1TEOJ56E,64,3.96875,2003-06-12,2003-12-09
A30R8VFR16RE32,64,3.96875,2007-05-15,2014-07-10
A3OYO7B6SS7QLH,64,4.046875,2013-01-22,2014-06-17
A1VQBEW0G4IH1J,64,3.671875,2007-10-20,2014-07-05
A2SGAJWXG65464,64,4.0625,2009-11-27,2014-03-07
ABSYIF0ONC2AF,64,3.75,2005-10-23,2014-07-14
A1Y85GQ09Y95JL,64,3.359375,2002-03-18,2014-07-13
A20UU20K7M9ZPF,64,3.578125,2011-07-31,2013-11-12
A2NLI1M5K2MQ5E,64,4.53125,2009-11-05,2014-05-01
A2EHYCA29NSQLU,64,2.546875,2005-10-01,2014-05-12
A19RW25Q6206I3,64,4.15625,2006-02-11,2014-05-17
AYOMAHLWRQHUG,64,4.28125,2004-01-24,2014-06-14
A11ULAZ4B5ZXC8,64,4.9375,2012-01-28,2014-07-21
A3QUDXLOJTKEP9,64,4.46875,2006-06-30,2014-05-26
A15G70V9OBTOVO,64,3.8125,2006-03-29,2014-07-02
A3EM243NDJ4DF3,64,4.421875,2008-05-31,2014-07-03
AHROSV6WJOEGY,64,3.359375,2001-12-01,2014-05-17
A3S5WYWYKSAI9C,64,3.765625,2006-12-06,2014-06-23
A1R19YYR5OR26T,64,4.28125,2010-12-09,2014-04-07
A3VBXQKRM7A4JR,64,4.046875,2003-04-13,2014-06-19
A1VRANSQ0WF1YS,64,4.109375,2002-12-14,2014-06-17
A2MOD50IHEDH3G,64,4.375,2006-04-24,2014-05-24
A33XMCG1UFDSY2,63,4.571428571428571,2008-05-04,2014-06-03
AUUV3XDYB16X5,63,4.650793650793651,2012-03-12,2014-06-23
AEN44U6T9R93,63,4.253968253968254,2007-10-01,2014-06-26
ATNOI7E8GTIVE,63,4.650793650793651,2010-06-30,2014-01-27
A377LPVLLAI42D,63,3.6825396825396823,2003-10-07,2014-06-12
A15J9K7O10A3M6,63,4.238095238095238,2012-05-09,2014-07-11
A2LF16F0KX9L7P,63,4.476190476190476,2005-09-21,2014-06-28
AR1T36GLLAFFX,63,4.365079365079365,2004-10-18,2014-07-16
A200RY2ELZL2Q3,63,3.7936507936507935,2009-08-12,2014-05-18
AKSQNMIKOU01H,63,4.158730158730159,2011-12-13,2014-06-22
A1BC62X6HZJGZR,63,4.2063492063492065,2010-11-16,2014-07-14
A3VTOLNB5N6FVP,63,4.190476190476191,2006-01-12,2014-07-09
A30J7WQV0ZNRXG,63,4.190476190476191,2002-01-29,2014-07-12
AWJWCKB92RJX2,63,3.9365079365079363,2004-08-29,2013-03-17
A2PB325LKXYDOL,63,5.0,2012-11-26,2013-12-02
A29GWIJL72GXXZ,63,3.7777777777777777,2008-03-08,2014-06-05
A15U64VGUV6RBF,63,4.873015873015873,2011-08-18,2014-04-19
A6TBR6L2D4XKC,63,4.095238095238095,2004-04-10,2014-06-30
AO09RWV40IX78,63,4.619047619047619,2008-05-01,2014-07-05
A3NVZTGPORNPRW,63,4.396825396825397,2008-09-14,2014-06-09
AG2YXYIQ8TLTA,63,4.126984126984127,2009-05-10,2014-06-28
A1ASWDAEDTTY5I,63,4.063492063492063,2009-03-06,2014-04-21
AQB4DH57MSZSC,63,4.555555555555555,2006-09-18,2014-07-15
A3QU3O79AGNWCY,63,4.301587301587301,2007-10-25,2014-01-24
A2QI2JHSIQ3SN3,63,4.587301587301587,2007-03-26,2014-03-16
A1TQBAHI3M4ZBQ,63,4.809523809523809,2008-06-02,2013-10-07
A3UW23DBF2KHWC,63,4.714285714285714,2013-07-11,2014-07-23
A27Y4OEC9MD9PA,63,4.9523809523809526,2008-03-12,2013-03-22
AGILRZOT49R0V,63,4.333333333333333,2014-03-10,2014-03-12
A1CMWB7AWQUQH4,63,3.8412698412698414,2011-08-23,2014-07-07
A23R3EOZ837242,63,4.079365079365079,2001-10-22,2014-05-22
A2HV76MYH7UL3S,63,4.603174603174603,2010-06-19,2014-03-14
A3F7F7QKQP2FKT,63,4.619047619047619,2011-04-23,2013-06-22
AO2EURP2Y4JZM,63,3.9682539682539684,2004-08-28,2014-07-17
A28LUOEY0ECT9G,63,4.634920634920635,2010-09-06,2014-04-27
A2UEB48LAWFUCW,63,3.984126984126984,2002-01-12,2014-07-05
A1UTM65Y3G9HUL,62,4.032258064516129,2012-04-05,2014-01-20
AA91O96C1Z18W,62,4.290322580645161,2001-03-03,2014-05-31
A2PICNZWHEINQC,62,4.548387096774194,2011-06-22,2014-04-11
A2GMZZ6TDYOHY7,62,4.693548387096774,2010-04-10,2014-07-01
A3E68EBGXTWDNP,62,4.258064516129032,2007-01-09,2012-11-18
A3CIET1UO3G51E,62,4.193548387096774,2011-03-27,2014-04-06
A1MNN0ZMHYPJDU,62,4.790322580645161,2004-03-11,2014-04-07
A1C82BC5GNABOA,62,4.483870967741935,2012-01-19,2014-06-11
A1SX9PHJWTDMF9,62,4.645161290322581,2008-03-05,2014-07-09
A3EWJX7W1X7E79,62,3.967741935483871,2010-03-15,2013-06-25
AGEWOMQ90BV8R,62,4.17741935483871,2010-12-23,2014-06-30
AU627A4UGIW6V,62,4.596774193548387,2002-02-22,2014-02-20
A1R76R4E6A8S3B,62,4.0,2003-05-01,2014-06-22
A2GYV87WW0DMSN,62,4.516129032258065,2012-05-23,2014-05-26
A19XPAWSWDRI3B,62,4.483870967741935,2012-12-27,2014-03-19
A13WREJ05GMRA6,62,3.7096774193548385,2012-01-04,2014-06-09
A781ITP3HE2N5,62,4.580645161290323,2007-12-29,2014-06-17
A2L0F2T1DLTNT8,62,4.435483870967742,2005-06-15,2014-06-18
A3FFZQKCA7UOYY,62,4.725806451612903,2006-04-19,2014-07-11
A2LEIANN1UZTHP,62,4.145161290322581,2010-11-27,2014-04-25
A35OIWPVTGW3UC,62,3.629032258064516,2008-06-08,2014-03-13
A16HXVNPU5TCGE,62,4.758064516129032,2007-10-10,2014-07-01
A3CJ7MHAS9IMAM,62,4.451612903225806,2002-08-24,2014-06-28
ALHC64J88LVWO,62,3.6129032258064515,2010-12-16,2014-06-12
A1RPJHUVVSI98A,62,4.354838709677419,2006-11-04,2014-07-06
A1B0NL8UWAELI7,62,4.596774193548387,2005-10-19,2014-05-28
A3QKIR8J56EUI1,62,3.0,2008-04-24,2014-07-16
A1LAGS8H4A2DR7,62,3.9838709677419355,2007-03-30,2014-05-19
A3MU9G6YWKTGTA,61,4.229508196721311,2009-06-18,2013-12-09
ARW8VGT10JG60,61,4.39344262295082,2011-01-30,2014-03-24
A2JKM8KF3296CW,61,4.049180327868853,2006-06-29,2014-07-10
A1SDPA1J98UP4L,61,4.114754098360656,2004-05-29,2014-07-09
A2DIQTZPF26T1L,61,4.639344262295082,2010-02-28,2014-07-08
AM0QLU79O05JR,61,3.0655737704918034,2005-01-20,2014-06-27
APMYPD97EHUUZ,61,4.032786885245901,2007-02-05,2014-06-26
A2VAD79S4A06DD,61,4.672131147540983,2008-01-20,2014-07-17
A33ZYFE8XMKKR1,61,3.737704918032787,2003-03-18,2014-03-20
A3TP31S61PPE3G,61,4.016393442622951,2010-01-23,2014-06-23
A2NX6MFZP8TM6S,61,4.39344262295082,2004-12-02,2014-04-24
A2MCRCK1V61FWQ,61,4.852459016393443,2008-06-05,2014-07-22
AC9QEWWN4W9MC,61,4.442622950819672,2012-07-20,2014-07-13
AO8NH0BV82XIE,61,4.032786885245901,2001-10-19,2013-08-28
A1Y4EWMUTW73GD,61,4.524590163934426,2006-03-16,2014-06-02
A27TN8D0CZ8LUY,61,4.016393442622951,2009-03-06,2014-06-15
A3GFQHHVMEAIO,61,4.327868852459017,2001-06-23,2014-05-15
A2X8KN82L07RSK,61,3.8524590163934427,2001-01-03,2014-05-08
A1QOIHVQC5XWCJ,61,4.557377049180328,2009-12-13,2014-07-02
A3D1TZH619NKHN,61,4.344262295081967,2008-01-17,2014-06-29
A2HBOG4LVIY15L,61,4.475409836065574,2005-06-24,2014-07-19
A16SRDVPBXN69C,61,4.672131147540983,2005-05-15,2014-06-21
A19FRW264WZTGP,61,4.491803278688525,2003-08-05,2014-06-21
A3LDFTSXU3UPBO,61,4.983606557377049,2012-12-06,2013-07-23
A3VL4RXCWNSR3H,61,4.459016393442623,2005-07-04,2014-07-05
A2J8DE8R94ZB02,61,3.819672131147541,2005-01-12,2014-07-21
A1ZVFCPHCWFV71,61,4.245901639344262,2007-05-20,2014-04-17
A198CCH4NNLI2E,61,2.7704918032786887,2003-05-30,2014-07-07
A362FM6FYA1SYS,61,4.688524590163935,2012-04-10,2014-01-08
AG8YP2XTC5X1I,61,4.557377049180328,2012-05-16,2014-06-16
A1HFT68GJ42LTM,61,4.213114754098361,2005-10-30,2014-05-15
A291XTI6NO7DEG,61,4.639344262295082,2004-04-23,2014-03-29
A1TY97ZGQT5FGF,61,2.3442622950819674,2007-03-02,2012-03-29
A3IUW081KXD3PE,60,4.416666666666667,2009-03-09,2014-07-13
A1NMM0RDRF6R84,60,4.316666666666666,2007-12-24,2014-05-17
AMWL7XIWIPXEZ,60,3.75,2003-09-01,2014-03-28
A2XJMQ2COPGWJH,60,4.0,2006-11-10,2014-06-27
A2SPV96SGOEO2,60,4.25,2006-04-10,2014-07-06
A1MFPAM9TTRTXN,60,4.916666666666667,2007-01-15,2014-07-16
AELK0E5DK7LIZ,60,4.5,2004-03-16,2014-05-13
AQ55H30MZSV0Q,60,3.5166666666666666,1999-12-04,2014-05-04
A8X478DM3KAWM,60,4.2,2007-05-22,2014-07-10
A3PU3EDJ2FG1AW,60,3.9166666666666665,2010-09-07,2014-04-06
A1Z4GII5CHCDG7,60,4.1,2008-06-24,2013-06-13
A3872Y2XH0YDX1,60,4.883333333333334,2007-11-15,2014-05-23
A1X3DA7C61WZLQ,60,3.566666666666667,2003-02-06,2014-06-12
AOJA1LC8PN7K1,60,3.683333333333333,2005-08-22,2013-09-14
A2MR696ZU17F12,60,3.6,2006-06-10,2014-03-19
APBDZ88BBTN4F,60,3.7666666666666666,2003-07-17,2014-07-16
A1YE1IK0JYSIIE,60,4.4,2011-08-23,2014-07-10
A30KPB2ILF6K6J,60,4.466666666666667,2008-10-24,2014-06-19
AQSV34W54L0VO,60,4.616666666666666,2011-02-16,2014-07-08
A3G7BEJJCPD6DS,60,4.05,2007-05-21,2014-06-25
A8P6GIIQ6YQV8,60,4.25,2011-11-28,2014-06-10
A2J96FILPQA01,60,4.8,2010-12-30,2014-07-08
AWHL379EE14K7,60,4.5,2003-11-08,2014-06-05
A1CYTBE7LLUQ8F,60,4.666666666666667,2003-08-13,2014-05-22
A14X244VGHWPSX,60,4.283333333333333,2008-05-30,2014-02-12
AATWFX0ZZSE6C,60,4.216666666666667,2006-01-11,2014-06-23
A3223W5IROMYTY,60,4.75,2011-11-02,2014-02-22
A18A5VSD0IPN14,60,4.45,2009-08-26,2014-07-02
A28X0LT2100RL1,60,4.35,2010-08-16,2014-07-08
A3E9O1VNJ3U324,60,4.633333333333334,2011-11-10,2014-06-11
A1VYFEJM12ZP11,60,4.25,2006-01-06,2014-06-30
A2J0IBS4PFRO2C,60,3.716666666666667,2005-07-21,2014-05-30
A3V15SFD7918WZ,60,4.0,2008-02-13,2014-07-21
A31RULW0KNYJ5H,60,4.0,2008-12-24,2014-07-19
AYO1146CBIV5C,60,4.433333333333334,2009-10-19,2014-07-14
A2Q204DY2L7YRP,60,4.616666666666666,2010-03-02,2014-06-02
AENULRBQ2IE5I,60,4.583333333333333,2009-04-15,2014-07-01
AUCISQA1YXX86,60,2.65,2004-05-02,2014-03-01
AZCE11PSTCH1L,60,4.4,2011-04-20,2014-07-22
A5A4374R8I7NB,60,4.316666666666666,2000-11-02,2013-03-28
A1I96OYAUJ3HQE,60,4.75,2009-11-11,2014-07-11
A1N3EH28S4DI8L,60,3.966666666666667,2013-11-04,2014-05-20
A26LD9FQHTM8ZH,60,4.133333333333334,2009-03-07,2014-05-14
A3O1FVLUD9X1XC,60,4.5,2011-03-22,2013-04-28
A1MQQEM7W77L62,60,4.733333333333333,2002-02-10,2014-07-02
A2ZR3YTMEEIIZ4,59,3.983050847457627,2003-07-20,2013-09-24
A2Z9S2RQD542CP,59,4.322033898305085,2012-05-21,2013-10-04
A1NZLRAZJGD99W,59,3.847457627118644,2006-01-13,2014-04-16
A28RSMADFCBJDT,59,4.101694915254237,2007-01-10,2014-07-21
